Backpage ID,City,State,Region,Division,URL
auburn,Auburn,Alabama, South, East South Central ,http://auburn.backpage.com/
birmingham,Birmingham,Alabama, South, East South Central ,http://birmingham.backpage.com/
dothan,Dothan,Alabama, South, East South Central ,http://dothan.backpage.com/
gadsden,Gadsden,Alabama, South, East South Central ,http://gadsden.backpage.com/
huntsville,Huntsville,Alabama, South, East South Central ,http://huntsville.backpage.com/
mobile,Mobile,Alabama, South, East South Central ,http://mobile.backpage.com/
montgomery,Montgomery,Alabama, South, East South Central ,http://montgomery.backpage.com/
shoals,Muscle Shoals,Alabama, South, East South Central ,http://shoals.backpage.com/
tuscaloosa,Tuscaloosa,Alabama, South, East South Central ,http://tuscaloosa.backpage.com/
alabama,,Alabama, South, East South Central ,http://alabama.backpage.com/
anchorage,Anchorage,Alaska, West, Pacific ,http://anchorage.backpage.com/
fairbanks,Fairbanks,Alaska, West, Pacific ,http://fairbanks.backpage.com/
juneau,Juneau,Alaska, West, Pacific ,http://juneau.backpage.com/
kenaipeninsula,Kenai Peninsula,Alaska, West, Pacific ,http://kenaipeninsula.backpage.com/
alaska,,Alaska, West, Pacific ,http://alaska.backpage.com/
flagstaff,Flagstaff/Sedona,Arizona, West, Mountain ,http://flagstaff.backpage.com/
mohave,Mohave County,Arizona, West, Mountain ,http://mohave.backpage.com/
phoenix,Phoenix,Arizona, West, Mountain ,http://phoenix.backpage.com/
prescott,Prescott,Arizona, West, Mountain ,http://prescott.backpage.com/
showlow,Show Low,Arizona, West, Mountain ,http://showlow.backpage.com/
sierravista,Sierra Vista,Arizona, West, Mountain ,http://sierravista.backpage.com/
tucson,Tucson,Arizona, West, Mountain ,http://tucson.backpage.com/
yuma,Yuma,Arizona, West, Mountain ,http://yuma.backpage.com/
arizona,,Arizona, West, Mountain ,http://arizona.backpage.com/
fayetteville,Fayetteville,Arkansas, South, West South Central ,http://fayetteville.backpage.com/
fortsmith,Fort Smith,Arkansas, South, West South Central ,http://fortsmith.backpage.com/
jonesboro,Jonesboro,Arkansas, South, West South Central ,http://jonesboro.backpage.com/
littlerock,Little Rock,Arkansas, South, West South Central ,http://littlerock.backpage.com/
arkansas,,Arkansas, South, West South Central ,http://arkansas.backpage.com/
bakersfield,Bakersfield,California, West, Pacific ,http://bakersfield.backpage.com/
chico,Chico,California, West, Pacific ,http://chico.backpage.com/
fresno,Fresno,California, West, Pacific ,http://fresno.backpage.com/
humboldt,Humboldt County,California, West, Pacific ,http://humboldt.backpage.com/
imperial,Imperial County,California, West, Pacific ,http://imperial.backpage.com/
inlandempire,Inland Empire,California, West, Pacific ,http://inlandempire.backpage.com/
longbeach,Long Beach,California, West, Pacific ,http://longbeach.backpage.com/
losangeles,Los Angeles,California, West, Pacific ,http://losangeles.backpage.com/
mendocino,Mendocino,California, West, Pacific ,http://mendocino.backpage.com/
merced,Merced,California, West, Pacific ,http://merced.backpage.com/
modesto,Modesto,California, West, Pacific ,http://modesto.backpage.com/
monterey,Monterey,California, West, Pacific ,http://monterey.backpage.com/
northbay,North Bay,California, West, Pacific ,http://northbay.backpage.com/
eastbay,Oakland/East Bay,California, West, Pacific ,http://eastbay.backpage.com/
orangecounty,Orange County,California, West, Pacific ,http://orangecounty.backpage.com/
palmsprings,Palm Springs,California, West, Pacific ,http://palmsprings.backpage.com/
palmdale,Palmdale/lancaster,California, West, Pacific ,http://palmdale.backpage.com/
redding,Redding,California, West, Pacific ,http://redding.backpage.com/
sacramento,Sacramento,California, West, Pacific ,http://sacramento.backpage.com/
sandiego,San Diego,California, West, Pacific ,http://sandiego.backpage.com/
sanfernandovalley,San Fernando Valley,California, West, Pacific ,http://sanfernandovalley.backpage.com/
sf,San Francisco,California, West, Pacific ,http://sf.backpage.com/
sangabrielvalley,San Gabriel Valley,California, West, Pacific ,http://sangabrielvalley.backpage.com/
sanjose,San Jose,California, West, Pacific ,http://sanjose.backpage.com/
sanluisobispo,San Luis Obispo,California, West, Pacific ,http://sanluisobispo.backpage.com/
sanmateo,San Mateo,California, West, Pacific ,http://sanmateo.backpage.com/
santabarbara,Santa Barbara,California, West, Pacific ,http://santabarbara.backpage.com/
santacruz,Santa Cruz,California, West, Pacific ,http://santacruz.backpage.com/
santamaria,Santa Maria,California, West, Pacific ,http://santamaria.backpage.com/
siskiyou,Siskiyou,California, West, Pacific ,http://siskiyou.backpage.com/
stockton,Stockton,California, West, Pacific ,http://stockton.backpage.com/
susanville,Susanville,California, West, Pacific ,http://susanville.backpage.com/
ventura,Ventura,California, West, Pacific ,http://ventura.backpage.com/
visalia,Visalia,California, West, Pacific ,http://visalia.backpage.com/
boulder,Boulder,Colorado, West, Mountain ,http://boulder.backpage.com/
coloradosprings,Colorado Springs,Colorado, West, Mountain ,http://coloradosprings.backpage.com/
denver,Denver,Colorado, West, Mountain ,http://denver.backpage.com/
fortcollins,Fort Collins,Colorado, West, Mountain ,http://fortcollins.backpage.com/
pueblo,Pueblo,Colorado, West, Mountain ,http://pueblo.backpage.com/
rockies,Rockies,Colorado, West, Mountain ,http://rockies.backpage.com/
westslope,Western Slope,Colorado, West, Mountain ,http://westslope.backpage.com/
colorado,,Colorado, West, Mountain ,http://colorado.backpage.com/
bridgeport,Bridgeport,Connecticut, Northeast, New England,http://bridgeport.backpage.com/
delaware,Delaware,Connecticut, Northeast, New England,http://delaware.backpage.com/
newlondon,Eastern Connecticut,Connecticut, Northeast, New England,http://newlondon.backpage.com/
hartford,Hartford,Connecticut, Northeast, New England,http://hartford.backpage.com/
newhaven,New Haven,Connecticut, Northeast, New England,http://newhaven.backpage.com/
nwct,Northwest Connecticut,Connecticut, Northeast, New England,http://nwct.backpage.com/
connecticut,,Connecticut, Northeast, New England,http://connecticut.backpage.com/
nova,Northern Virginia,District of Columbia, South, South Atlantic,http://nova.backpage.com/
southernmaryland,Southern Maryland,District of Columbia, South, South Atlantic,http://southernmaryland.backpage.com/
dc,Washington D.C.,District of Columbia, South, South Atlantic,http://dc.backpage.com/
washingtondc,,District of Columbia, South, South Atlantic,http://washingtondc.backpage.com/
daytona,Daytona,Florida, South, South Atlantic,http://daytona.backpage.com/
ftlauderdale,Fort Lauderdale,Florida, South, South Atlantic,http://ftlauderdale.backpage.com/
fortmyers,Fort Myers,Florida, South, South Atlantic,http://fortmyers.backpage.com/
gainesville,Gainesville,Florida, South, South Atlantic,http://gainesville.backpage.com/
jacksonville,Jacksonville,Florida, South, South Atlantic,http://jacksonville.backpage.com/
keys,Keys,Florida, South, South Atlantic,http://keys.backpage.com/
lakeland,Lakeland,Florida, South, South Atlantic,http://lakeland.backpage.com/
miami,Miami,Florida, South, South Atlantic,http://miami.backpage.com/
ocala,Ocala,Florida, South, South Atlantic,http://ocala.backpage.com/
okaloosa,Okaloosa,Florida, South, South Atlantic,http://okaloosa.backpage.com/
orlando,Orlando,Florida, South, South Atlantic,http://orlando.backpage.com/
palmbay,Palm Bay,Florida, South, South Atlantic,http://palmbay.backpage.com/
panamacity,Panama City,Florida, South, South Atlantic,http://panamacity.backpage.com/
pensacola,Pensacola,Florida, South, South Atlantic,http://pensacola.backpage.com/
sarasota,Sarasota/Bradenton,Florida, South, South Atlantic,http://sarasota.backpage.com/
spacecoast,Space Coast,Florida, South, South Atlantic,http://spacecoast.backpage.com/
staugustine,St. Augustine,Florida, South, South Atlantic,http://staugustine.backpage.com/
tallahassee,Tallahassee,Florida, South, South Atlantic,http://tallahassee.backpage.com/
tampa,Tampa,Florida, South, South Atlantic,http://tampa.backpage.com/
treasurecoast,Treasure Coast,Florida, South, South Atlantic,http://treasurecoast.backpage.com/
westpalmbeach,West Palm Beach,Florida, South, South Atlantic,http://westpalmbeach.backpage.com/
albanyga,Albany,Georgia, South, South Atlantic,http://albanyga.backpage.com/
athensga,Athens,Georgia, South, South Atlantic,http://athensga.backpage.com/
atlanta,Atlanta,Georgia, South, South Atlantic,http://atlanta.backpage.com/
augusta,Augusta,Georgia, South, South Atlantic,http://augusta.backpage.com/
brunswick,Brunswick,Georgia, South, South Atlantic,http://brunswick.backpage.com/
columbusga,Columbus,Georgia, South, South Atlantic,http://columbusga.backpage.com/
macon,Macon,Georgia, South, South Atlantic,http://macon.backpage.com/
nwga,Northwest Georgia,Georgia, South, South Atlantic,http://nwga.backpage.com/
savannah,Savannah,Georgia, South, South Atlantic,http://savannah.backpage.com/
statesboro,Statesboro,Georgia, South, South Atlantic,http://statesboro.backpage.com/
valdosta,Valdosta,Georgia, South, South Atlantic,http://valdosta.backpage.com/
georgia,,Georgia, South, South Atlantic,http://georgia.backpage.com/
bigisland,Big Island,Hawaii, West, Pacific ,http://bigisland.backpage.com/
honolulu,Honolulu,Hawaii, West, Pacific ,http://honolulu.backpage.com/
kauai,Kauai,Hawaii, West, Pacific ,http://kauai.backpage.com/
maui,Maui,Hawaii, West, Pacific ,http://maui.backpage.com/
hawaii,,Hawaii, West, Pacific ,http://hawaii.backpage.com/
boise,Boise,Idaho, West, Mountain ,http://boise.backpage.com/
eastidaho,East Idaho,Idaho, West, Mountain ,http://eastidaho.backpage.com/
lewiston,Lewiston,Idaho, West, Mountain ,http://lewiston.backpage.com/
twinfalls,Twin Falls,Idaho, West, Mountain ,http://twinfalls.backpage.com/
idaho,,Idaho, West, Mountain ,http://idaho.backpage.com/
bloomington,Bloomington,Illinois, Midwest , East North Central ,http://bloomington.backpage.com/
carbondale,Carbondale,Illinois, Midwest , East North Central ,http://carbondale.backpage.com/
chambana,Chambana,Illinois, Midwest , East North Central ,http://chambana.backpage.com/
chicago,Chicago,Illinois, Midwest , East North Central ,http://chicago.backpage.com/
decatur,Decatur,Illinois, Midwest , East North Central ,http://decatur.backpage.com/
lasalle,La Salle County,Illinois, Midwest , East North Central ,http://lasalle.backpage.com/
mattoon,Mattoon,Illinois, Midwest , East North Central ,http://mattoon.backpage.com/
peoria,Peoria,Illinois, Midwest , East North Central ,http://peoria.backpage.com/
rockford,Rockford,Illinois, Midwest , East North Central ,http://rockford.backpage.com/
springfieldil,Springfield,Illinois, Midwest , East North Central ,http://springfieldil.backpage.com/
quincy,Western Illinois,Illinois, Midwest , East North Central ,http://quincy.backpage.com/
illinois,,Illinois, Midwest , East North Central ,http://illinois.backpage.com/
bloomingtonin,Bloomington,Indiana, Midwest , East North Central ,http://bloomingtonin.backpage.com/
evansville,Evansville,Indiana, Midwest , East North Central ,http://evansville.backpage.com/
fortwayne,Ft Wayne,Indiana, Midwest , East North Central ,http://fortwayne.backpage.com/
indianapolis,Indianapolis,Indiana, Midwest , East North Central ,http://indianapolis.backpage.com/
kokomo,Kokomo,Indiana, Midwest , East North Central ,http://kokomo.backpage.com/
tippecanoe,Lafayette,Indiana, Midwest , East North Central ,http://tippecanoe.backpage.com/
muncie,Muncie,Indiana, Midwest , East North Central ,http://muncie.backpage.com/
richmondin,Richmond,Indiana, Midwest , East North Central ,http://richmondin.backpage.com/
southbend,South Bend,Indiana, Midwest , East North Central ,http://southbend.backpage.com/
terrehaute,Terre Haute,Indiana, Midwest , East North Central ,http://terrehaute.backpage.com/
indiana,,Indiana, Midwest , East North Central ,http://indiana.backpage.com/
ames,Ames,Iowa, Midwest , West North Central ,http://ames.backpage.com/
cedarrapids,Cedar Rapids,Iowa, Midwest , West North Central ,http://cedarrapids.backpage.com/
desmoines,Desmoines,Iowa, Midwest , West North Central ,http://desmoines.backpage.com/
dubuque,Dubuque,Iowa, Midwest , West North Central ,http://dubuque.backpage.com/
fortdodge,Fort Dodge,Iowa, Midwest , West North Central ,http://fortdodge.backpage.com/
iowacity,Iowa City,Iowa, Midwest , West North Central ,http://iowacity.backpage.com/
masoncity,Mason City,Iowa, Midwest , West North Central ,http://masoncity.backpage.com/
quadcities,Quad Cities,Iowa, Midwest , West North Central ,http://quadcities.backpage.com/
siouxcity,Sioux City,Iowa, Midwest , West North Central ,http://siouxcity.backpage.com/
ottumwa,Southest Iowa,Iowa, Midwest , West North Central ,http://ottumwa.backpage.com/
waterloo,Waterloo,Iowa, Midwest , West North Central ,http://waterloo.backpage.com/
iowa,,Iowa, Midwest , West North Central ,http://iowa.backpage.com/
lawrence,Lawrence,Kansas, Midwest , West North Central ,http://lawrence.backpage.com/
manhattanks,Manhattan,Kansas, Midwest , West North Central ,http://manhattanks.backpage.com/
salina,Salina,Kansas, Midwest , West North Central ,http://salina.backpage.com/
topeka,Topeka,Kansas, Midwest , West North Central ,http://topeka.backpage.com/
wichita,Wichita,Kansas, Midwest , West North Central ,http://wichita.backpage.com/
kansas,,Kansas, Midwest , West North Central ,http://kansas.backpage.com/
bowlinggreen,Bowling Green,Kentucky, South, East South Central ,http://bowlinggreen.backpage.com/
eastky,Eastern Kentucky,Kentucky, South, East South Central ,http://eastky.backpage.com/
lexington,Lexington,Kentucky, South, East South Central ,http://lexington.backpage.com/
louisville,Louisville,Kentucky, South, East South Central ,http://louisville.backpage.com/
owensboro,Owensboro,Kentucky, South, East South Central ,http://owensboro.backpage.com/
westky,Western Kentucky,Kentucky, South, East South Central ,http://westky.backpage.com/
kentucky,,Kentucky, South, East South Central ,http://kentucky.backpage.com/
alexandria,Alexandria,Louisiana, South, West South Central ,http://alexandria.backpage.com/
batonrouge,Baton Rouge,Louisiana, South, West South Central ,http://batonrouge.backpage.com/
houma,Houma,Louisiana, South, West South Central ,http://houma.backpage.com/
lafayette,Lafayette,Louisiana, South, West South Central ,http://lafayette.backpage.com/
lakecharles,Lake Charles,Louisiana, South, West South Central ,http://lakecharles.backpage.com/
maine,Maine,Louisiana, South, West South Central ,http://maine.backpage.com/
monroe,Monroe,Louisiana, South, West South Central ,http://monroe.backpage.com/
neworleans,New Orleans,Louisiana, South, West South Central ,http://neworleans.backpage.com/
shreveport,Shreveport,Louisiana, South, West South Central ,http://shreveport.backpage.com/
louisiana,,Louisiana, South, West South Central ,http://louisiana.backpage.com/
annapolis,Annapolis,Maryland, South, South Atlantic,http://annapolis.backpage.com/
baltimore,Baltimore,Maryland, South, South Atlantic,http://baltimore.backpage.com/
cumberlandvalley,Cumberland Valley,Maryland, South, South Atlantic,http://cumberlandvalley.backpage.com/
easternshore,Eastern Shore,Maryland, South, South Atlantic,http://easternshore.backpage.com/
frederick,Frederick,Maryland, South, South Atlantic,http://frederick.backpage.com/
westernmaryland,Western Maryland,Maryland, South, South Atlantic,http://westernmaryland.backpage.com/
maryland,,Maryland, South, South Atlantic,http://maryland.backpage.com/
boston,Boston,Massachusetts, Northeast, New England,http://boston.backpage.com/
brockton,Brockton,Massachusetts, Northeast, New England,http://brockton.backpage.com/
capecod,Cape Cod,Massachusetts, Northeast, New England,http://capecod.backpage.com/
lowell,Lowell,Massachusetts, Northeast, New England,http://lowell.backpage.com/
southcoast,South Coast,Massachusetts, Northeast, New England,http://southcoast.backpage.com/
springfield,Springfield,Massachusetts, Northeast, New England,http://springfield.backpage.com/
worcester,Worcester,Massachusetts, Northeast, New England,http://worcester.backpage.com/
massachusetts,,Massachusetts, Northeast, New England,http://massachusetts.backpage.com/
annarbor,Ann Arbor,Michigan, Midwest , East North Central ,http://annarbor.backpage.com/
battlecreek,Battle Creek,Michigan, Midwest , East North Central ,http://battlecreek.backpage.com/
centralmich,Central Michigan,Michigan, Midwest , East North Central ,http://centralmich.backpage.com/
detroit,Detroit,Michigan, Midwest , East North Central ,http://detroit.backpage.com/
flint,Flint,Michigan, Midwest , East North Central ,http://flint.backpage.com/
grandrapids,Grand Rapids,Michigan, Midwest , East North Central ,http://grandrapids.backpage.com/
holland,Holland,Michigan, Midwest , East North Central ,http://holland.backpage.com/
jacksonmi,Jackson,Michigan, Midwest , East North Central ,http://jacksonmi.backpage.com/
kalamazoo,Kalamazoo,Michigan, Midwest , East North Central ,http://kalamazoo.backpage.com/
lansing,Lansing,Michigan, Midwest , East North Central ,http://lansing.backpage.com/
monroemi,Monroe,Michigan, Midwest , East North Central ,http://monroemi.backpage.com/
muskegon,Muskegon,Michigan, Midwest , East North Central ,http://muskegon.backpage.com/
northernmichigan,Northern Michigan,Michigan, Midwest , East North Central ,http://northernmichigan.backpage.com/
porthuron,Port Huron,Michigan, Midwest , East North Central ,http://porthuron.backpage.com/
saginaw,Saginaw,Michigan, Midwest , East North Central ,http://saginaw.backpage.com/
swmi,Southwest Michigan,Michigan, Midwest , East North Central ,http://swmi.backpage.com/
up,Upper Peninsula,Michigan, Midwest , East North Central ,http://up.backpage.com/
michigan,,Michigan, Midwest , East North Central ,http://michigan.backpage.com/
bemidji,Bemidji,Minnesota, Midwest , West North Central ,http://bemidji.backpage.com/
brainerd,Brainerd,Minnesota, Midwest , West North Central ,http://brainerd.backpage.com/
duluth,Duluth,Minnesota, Midwest , West North Central ,http://duluth.backpage.com/
mankato,Mankato,Minnesota, Midwest , West North Central ,http://mankato.backpage.com/
minneapolis,Minneapolis / St. Paul,Minnesota, Midwest , West North Central ,http://minneapolis.backpage.com/
rochestermn,Rochester,Minnesota, Midwest , West North Central ,http://rochestermn.backpage.com/
stcloud,St. Cloud,Minnesota, Midwest , West North Central ,http://stcloud.backpage.com/
minnesota,,Minnesota, Midwest , West North Central ,http://minnesota.backpage.com/
biloxi,Biloxi,Mississippi, South, East South Central ,http://biloxi.backpage.com/
hattiesburg,Hattiesburg,Mississippi, South, East South Central ,http://hattiesburg.backpage.com/
jackson,Jackson,Mississippi, South, East South Central ,http://jackson.backpage.com/
meridian,Meridian,Mississippi, South, East South Central ,http://meridian.backpage.com/
northmiss,North Mississippi,Mississippi, South, East South Central ,http://northmiss.backpage.com/
natchez,Southwest Mississippi,Mississippi, South, East South Central ,http://natchez.backpage.com/
mississippi,,Mississippi, South, East South Central ,http://mississippi.backpage.com/
columbiamo,Columbia/Jeff City,Missouri, Midwest , West North Central ,http://columbiamo.backpage.com/
joplin,Joplin,Missouri, Midwest , West North Central ,http://joplin.backpage.com/
kc,Kansas City,Missouri, Midwest , West North Central ,http://kc.backpage.com/
kirksville,Kirksville,Missouri, Midwest , West North Central ,http://kirksville.backpage.com/
loz,Lake Of The Ozarks,Missouri, Midwest , West North Central ,http://loz.backpage.com/
semo,Southeast Missouri,Missouri, Midwest , West North Central ,http://semo.backpage.com/
springfieldmo,Springfield,Missouri, Midwest , West North Central ,http://springfieldmo.backpage.com/
stjoseph,St Joseph,Missouri, Midwest , West North Central ,http://stjoseph.backpage.com/
stlouis,St. Louis,Missouri, Midwest , West North Central ,http://stlouis.backpage.com/
missouri,,Missouri, Midwest , West North Central ,http://missouri.backpage.com/
billings,Billings,Montana, West, Mountain ,http://billings.backpage.com/
bozeman,Bozeman,Montana, West, Mountain ,http://bozeman.backpage.com/
butte,Butte,Montana, West, Mountain ,http://butte.backpage.com/
greatfalls,Great Falls,Montana, West, Mountain ,http://greatfalls.backpage.com/
helena,Helena,Montana, West, Mountain ,http://helena.backpage.com/
kalispell,Kalispell,Montana, West, Mountain ,http://kalispell.backpage.com/
missoula,Missoula,Montana, West, Mountain ,http://missoula.backpage.com/
montana,,Montana, West, Mountain ,http://montana.backpage.com/
grandisland,Grand Island,Nebraska, Midwest , West North Central ,http://grandisland.backpage.com/
lincoln,Lincoln,Nebraska, Midwest , West North Central ,http://lincoln.backpage.com/
northplatte,North Platte,Nebraska, Midwest , West North Central ,http://northplatte.backpage.com/
omaha,Omaha,Nebraska, Midwest , West North Central ,http://omaha.backpage.com/
scottsbluff,Scottsbluff,Nebraska, Midwest , West North Central ,http://scottsbluff.backpage.com/
nebraska,,Nebraska, Midwest , West North Central ,http://nebraska.backpage.com/
elko,Elko,Nevada, West, Mountain ,http://elko.backpage.com/
lasvegas,Las Vegas,Nevada, West, Mountain ,http://lasvegas.backpage.com/
reno,Reno,Nevada, West, Mountain ,http://reno.backpage.com/
nevada,,Nevada, West, Mountain ,http://nevada.backpage.com/
newhampshire,,New Hampshire, Northeast, New England,http://newhampshire.backpage.com/
centraljersey,Central Jersey,New Jersey, Northeast, Mid-Atlantic ,http://centraljersey.backpage.com/
jerseyshore,Jersey Shore,New Jersey, Northeast, Mid-Atlantic ,http://jerseyshore.backpage.com/
northjersey,North Jersey,New Jersey, Northeast, Mid-Atlantic ,http://northjersey.backpage.com/
southjersey,South Jersey,New Jersey, Northeast, Mid-Atlantic ,http://southjersey.backpage.com/
newjersey,,New Jersey, Northeast, Mid-Atlantic ,http://newjersey.backpage.com/
albuquerque,Albuquerque,New Mexico, West, Mountain ,http://albuquerque.backpage.com/
clovis,Clovis / Portales,New Mexico, West, Mountain ,http://clovis.backpage.com/
farmington,Farmington,New Mexico, West, Mountain ,http://farmington.backpage.com/
lascruces,Las Cruces,New Mexico, West, Mountain ,http://lascruces.backpage.com/
roswell,Roswell / Carlsbad,New Mexico, West, Mountain ,http://roswell.backpage.com/
santafe,Santa Fe/Taos,New Mexico, West, Mountain ,http://santafe.backpage.com/
newmexico,,New Mexico, West, Mountain ,http://newmexico.backpage.com/
albany,Albany,New York, Northeast, Mid-Atlantic ,http://albany.backpage.com/
binghamton,Binghamton,New York, Northeast, Mid-Atlantic ,http://binghamton.backpage.com/
bronx,Bronx,New York, Northeast, Mid-Atlantic ,http://bronx.backpage.com/
brooklyn,Brooklyn,New York, Northeast, Mid-Atlantic ,http://brooklyn.backpage.com/
buffalo,Buffalo,New York, Northeast, Mid-Atlantic ,http://buffalo.backpage.com/
catskills,Catskills,New York, Northeast, Mid-Atlantic ,http://catskills.backpage.com/
chautauqua,Chautauqua,New York, Northeast, Mid-Atlantic ,http://chautauqua.backpage.com/
elmira,Elmira,New York, Northeast, Mid-Atlantic ,http://elmira.backpage.com/
fairfield,Fairfield,New York, Northeast, Mid-Atlantic ,http://fairfield.backpage.com/
fingerlakes,Finger Lakes,New York, Northeast, Mid-Atlantic ,http://fingerlakes.backpage.com/
glensfalls,Glens Falls,New York, Northeast, Mid-Atlantic ,http://glensfalls.backpage.com/
hudsonvalley,Hudson Valley,New York, Northeast, Mid-Atlantic ,http://hudsonvalley.backpage.com/
ithaca,Ithaca,New York, Northeast, Mid-Atlantic ,http://ithaca.backpage.com/
longisland,Long Island,New York, Northeast, Mid-Atlantic ,http://longisland.backpage.com/
manhattan,Manhattan,New York, Northeast, Mid-Atlantic ,http://manhattan.backpage.com/
oneonta,Oneonta,New York, Northeast, Mid-Atlantic ,http://oneonta.backpage.com/
plattsburgh,Plattsburgh,New York, Northeast, Mid-Atlantic ,http://plattsburgh.backpage.com/
potsdam,Potsdam,New York, Northeast, Mid-Atlantic ,http://potsdam.backpage.com/
queens,Queens,New York, Northeast, Mid-Atlantic ,http://queens.backpage.com/
rochester,Rochester,New York, Northeast, Mid-Atlantic ,http://rochester.backpage.com/
statenisland,Staten Island,New York, Northeast, Mid-Atlantic ,http://statenisland.backpage.com/
syracuse,Syracuse,New York, Northeast, Mid-Atlantic ,http://syracuse.backpage.com/
twintiers,Twin Tiers,New York, Northeast, Mid-Atlantic ,http://twintiers.backpage.com/
utica,Utica,New York, Northeast, Mid-Atlantic ,http://utica.backpage.com/
watertown,Watertown,New York, Northeast, Mid-Atlantic ,http://watertown.backpage.com/
westchester,Westchester,New York, Northeast, Mid-Atlantic ,http://westchester.backpage.com/
newyork,,New York, Northeast, Mid-Atlantic ,http://newyork.backpage.com/
asheville,Asheville,North Carolina, South, South Atlantic,http://asheville.backpage.com/
boone,Boone,North Carolina, South, South Atlantic,http://boone.backpage.com/
charlotte,Charlotte,North Carolina, South, South Atlantic,http://charlotte.backpage.com/
easternnc,Eastern,North Carolina, South, South Atlantic,http://easternnc.backpage.com/
fayettevillenc,Fayetteville,North Carolina, South, South Atlantic,http://fayettevillenc.backpage.com/
greensboro,Greensboro,North Carolina, South, South Atlantic,http://greensboro.backpage.com/
hickory,Hickory,North Carolina, South, South Atlantic,http://hickory.backpage.com/
highpoint,High Point,North Carolina, South, South Atlantic,http://highpoint.backpage.com/
outerbanks,Outer Banks,North Carolina, South, South Atlantic,http://outerbanks.backpage.com/
raleigh,Raleigh-durham,North Carolina, South, South Atlantic,http://raleigh.backpage.com/
wilmington,Wilmington,North Carolina, South, South Atlantic,http://wilmington.backpage.com/
winstonsalem,Winston-Salem,North Carolina, South, South Atlantic,http://winstonsalem.backpage.com/
northcarolina,,North Carolina, South, South Atlantic,http://northcarolina.backpage.com/
bismarck,Bismarck,North Dakota, Midwest , West North Central ,http://bismarck.backpage.com/
fargo,Fargo,North Dakota, Midwest , West North Central ,http://fargo.backpage.com/
grandforks,Grand Forks,North Dakota, Midwest , West North Central ,http://grandforks.backpage.com/
minot,Minot,North Dakota, Midwest , West North Central ,http://minot.backpage.com/
northdakota,,North Dakota, Midwest , West North Central ,http://northdakota.backpage.com/
akroncanton,Akron/Canton,Ohio, Midwest , East North Central ,http://akroncanton.backpage.com/
ashtabula,Ashtabula,Ohio, Midwest , East North Central ,http://ashtabula.backpage.com/
athensoh,Athens,Ohio, Midwest , East North Central ,http://athensoh.backpage.com/
chillicothe,Chillicothe,Ohio, Midwest , East North Central ,http://chillicothe.backpage.com/
cincinnati,Cincinnati,Ohio, Midwest , East North Central ,http://cincinnati.backpage.com/
cleveland,Cleveland,Ohio, Midwest , East North Central ,http://cleveland.backpage.com/
columbus,Columbus,Ohio, Midwest , East North Central ,http://columbus.backpage.com/
dayton,Dayton,Ohio, Midwest , East North Central ,http://dayton.backpage.com/
huntingtonoh,Huntington/Ashland,Ohio, Midwest , East North Central ,http://huntingtonoh.backpage.com/
limaoh,Lima/Findlay,Ohio, Midwest , East North Central ,http://limaoh.backpage.com/
mansfield,Mansfield,Ohio, Midwest , East North Central ,http://mansfield.backpage.com/
sandusky,Sandusky,Ohio, Midwest , East North Central ,http://sandusky.backpage.com/
toledo,Toledo,Ohio, Midwest , East North Central ,http://toledo.backpage.com/
tuscarawas,Tuscarawas County,Ohio, Midwest , East North Central ,http://tuscarawas.backpage.com/
youngstown,Youngstown,Ohio, Midwest , East North Central ,http://youngstown.backpage.com/
zanesville,Zanesville/Cambridge,Ohio, Midwest , East North Central ,http://zanesville.backpage.com/
ohio,,Ohio, Midwest , East North Central ,http://ohio.backpage.com/
lawton,Lawton,Oklahoma, South, West South Central ,http://lawton.backpage.com/
norman,Norman,Oklahoma, South, West South Central ,http://norman.backpage.com/
oklahomacity,Oklahoma City,Oklahoma, South, West South Central ,http://oklahomacity.backpage.com/
stillwater,Stillwater,Oklahoma, South, West South Central ,http://stillwater.backpage.com/
tulsa,Tulsa,Oklahoma, South, West South Central ,http://tulsa.backpage.com/
oklahoma,,Oklahoma, South, West South Central ,http://oklahoma.backpage.com/
bend,Bend,Oregon, West, Pacific ,http://bend.backpage.com/
corvallis,Corvallis,Oregon, West, Pacific ,http://corvallis.backpage.com/
eastoregon,East Oregon,Oregon, West, Pacific ,http://eastoregon.backpage.com/
eugene,Eugene,Oregon, West, Pacific ,http://eugene.backpage.com/
klamath,Klamath Falls,Oregon, West, Pacific ,http://klamath.backpage.com/
medford,Medford,Oregon, West, Pacific ,http://medford.backpage.com/
oregoncoast,Oregon Coast,Oregon, West, Pacific ,http://oregoncoast.backpage.com/
portland,Portland,Oregon, West, Pacific ,http://portland.backpage.com/
roseburg,Roseburg,Oregon, West, Pacific ,http://roseburg.backpage.com/
salem,Salem,Oregon, West, Pacific ,http://salem.backpage.com/
oregon,,Oregon, West, Pacific ,http://oregon.backpage.com/
allentown,Allentown,Pennsylvania, Northeast, Mid-Atlantic ,http://allentown.backpage.com/
altoona,Altoona,Pennsylvania, Northeast, Mid-Atlantic ,http://altoona.backpage.com/
chambersburg,Chambersburg,Pennsylvania, Northeast, Mid-Atlantic ,http://chambersburg.backpage.com/
erie,Erie,Pennsylvania, Northeast, Mid-Atlantic ,http://erie.backpage.com/
harrisburg,Harrisburg,Pennsylvania, Northeast, Mid-Atlantic ,http://harrisburg.backpage.com/
lancaster,Lancaster,Pennsylvania, Northeast, Mid-Atlantic ,http://lancaster.backpage.com/
meadville,Meadville,Pennsylvania, Northeast, Mid-Atlantic ,http://meadville.backpage.com/
pennstate,Penn State,Pennsylvania, Northeast, Mid-Atlantic ,http://pennstate.backpage.com/
philadelphia,Philadelphia,Pennsylvania, Northeast, Mid-Atlantic ,http://philadelphia.backpage.com/
pittsburgh,Pittsburgh,Pennsylvania, Northeast, Mid-Atlantic ,http://pittsburgh.backpage.com/
poconos,Poconos,Pennsylvania, Northeast, Mid-Atlantic ,http://poconos.backpage.com/
reading,Reading,Pennsylvania, Northeast, Mid-Atlantic ,http://reading.backpage.com/
scranton,Scranton,Pennsylvania, Northeast, Mid-Atlantic ,http://scranton.backpage.com/
williamsport,Williamsport,Pennsylvania, Northeast, Mid-Atlantic ,http://williamsport.backpage.com/
york,York,Pennsylvania, Northeast, Mid-Atlantic ,http://york.backpage.com/
pennsylvania,,Pennsylvania, Northeast, Mid-Atlantic ,http://pennsylvania.backpage.com/
providence,Providence,Rhode Island, Northeast, New England,http://providence.backpage.com/
warwick,Warwick,Rhode Island, Northeast, New England,http://warwick.backpage.com/
rhodeisland,,Rhode Island, Northeast, New England,http://rhodeisland.backpage.com/
charleston,Charleston,South Carolina, South, South Atlantic,http://charleston.backpage.com/
columbia,Columbia,South Carolina, South, South Atlantic,http://columbia.backpage.com/
florence,Florence,South Carolina, South, South Atlantic,http://florence.backpage.com/
greenville,Greenville,South Carolina, South, South Atlantic,http://greenville.backpage.com/
hiltonhead,Hilton Head,South Carolina, South, South Atlantic,http://hiltonhead.backpage.com/
myrtlebeach,Myrtle Beach,South Carolina, South, South Atlantic,http://myrtlebeach.backpage.com/
southcarolina,,South Carolina, South, South Atlantic,http://southcarolina.backpage.com/
aberdeen-sd,Aberdeen,South Dakota, Midwest , West North Central ,http://aberdeen-sd.backpage.com/
pierre,Pierre,South Dakota, Midwest , West North Central ,http://pierre.backpage.com/
rapidcity,Rapid City,South Dakota, Midwest , West North Central ,http://rapidcity.backpage.com/
siouxfalls,Sioux Falls,South Dakota, Midwest , West North Central ,http://siouxfalls.backpage.com/
southdakota,,South Dakota, Midwest , West North Central ,http://southdakota.backpage.com/
chattanooga,Chattanooga,Tennessee, South, East South Central ,http://chattanooga.backpage.com/
clarksville,Clarksville,Tennessee, South, East South Central ,http://clarksville.backpage.com/
cookeville,Cookeville,Tennessee, South, East South Central ,http://cookeville.backpage.com/
johnsoncity,Johnson City,Tennessee, South, East South Central ,http://johnsoncity.backpage.com/
knoxville,Knoxville,Tennessee, South, East South Central ,http://knoxville.backpage.com/
memphis,Memphis,Tennessee, South, East South Central ,http://memphis.backpage.com/
nashville,Nashville,Tennessee, South, East South Central ,http://nashville.backpage.com/
tricities,Tri-Cities,Tennessee, South, East South Central ,http://tricities.backpage.com/
tennessee,,Tennessee, South, East South Central ,http://tennessee.backpage.com/
abilene,Abilene,Texas, South, West South Central ,http://abilene.backpage.com/
amarillo,Amarillo,Texas, South, West South Central ,http://amarillo.backpage.com/
austin,Austin,Texas, South, West South Central ,http://austin.backpage.com/
beaumont,Beaumont,Texas, South, West South Central ,http://beaumont.backpage.com/
brownsville,Brownsville,Texas, South, West South Central ,http://brownsville.backpage.com/
collegestation,College Station,Texas, South, West South Central ,http://collegestation.backpage.com/
corpuschristi,Corpus Christi,Texas, South, West South Central ,http://corpuschristi.backpage.com/
dallas,Dallas,Texas, South, West South Central ,http://dallas.backpage.com/
delrio,Del Rio,Texas, South, West South Central ,http://delrio.backpage.com/
denton,Denton,Texas, South, West South Central ,http://denton.backpage.com/
elpaso,El Paso,Texas, South, West South Central ,http://elpaso.backpage.com/
fortworth,Fort Worth,Texas, South, West South Central ,http://fortworth.backpage.com/
galveston,Galveston,Texas, South, West South Central ,http://galveston.backpage.com/
houston,Houston,Texas, South, West South Central ,http://houston.backpage.com/
huntsvilletx,Huntsville,Texas, South, West South Central ,http://huntsvilletx.backpage.com/
killeen,Killeen,Texas, South, West South Central ,http://killeen.backpage.com/
laredo,Laredo,Texas, South, West South Central ,http://laredo.backpage.com/
longview,Longview,Texas, South, West South Central ,http://longview.backpage.com/
lubbock,Lubbock,Texas, South, West South Central ,http://lubbock.backpage.com/
mcallen,Mcallen,Texas, South, West South Central ,http://mcallen.backpage.com/
arlington,Mid Cities,Texas, South, West South Central ,http://arlington.backpage.com/
odessa,Odessa,Texas, South, West South Central ,http://odessa.backpage.com/
sanantonio,San Antonio,Texas, South, West South Central ,http://sanantonio.backpage.com/
sanmarcos,San Marcos,Texas, South, West South Central ,http://sanmarcos.backpage.com/
texarkana,Texarkana,Texas, South, West South Central ,http://texarkana.backpage.com/
texoma,Texoma,Texas, South, West South Central ,http://texoma.backpage.com/
tyler,Tyler,Texas, South, West South Central ,http://tyler.backpage.com/
victoriatx,Victoria,Texas, South, West South Central ,http://victoriatx.backpage.com/
waco,Waco,Texas, South, West South Central ,http://waco.backpage.com/
wichitafalls,Wichita Falls,Texas, South, West South Central ,http://wichitafalls.backpage.com/
logan,Logan,Utah, West, Mountain ,http://logan.backpage.com/
ogden,Ogden,Utah, West, Mountain ,http://ogden.backpage.com/
provo,Provo,Utah, West, Mountain ,http://provo.backpage.com/
saltlakecity,Salt Lake City,Utah, West, Mountain ,http://saltlakecity.backpage.com/
stgeorge,St. George,Utah, West, Mountain ,http://stgeorge.backpage.com/
utah,,Utah, West, Mountain ,http://utah.backpage.com/
burlington,,Vermont, Northeast, New England,http://burlington.backpage.com/
charlottesville,Charlottesville,Virginia, South, South Atlantic,http://charlottesville.backpage.com/
chesapeake,Chesapeake,Virginia, South, South Atlantic,http://chesapeake.backpage.com/
danville,Danville,Virginia, South, South Atlantic,http://danville.backpage.com/
fredericksburg,Fredericksburg,Virginia, South, South Atlantic,http://fredericksburg.backpage.com/
hampton,Hampton,Virginia, South, South Atlantic,http://hampton.backpage.com/
harrisonburg,Harrisonburg,Virginia, South, South Atlantic,http://harrisonburg.backpage.com/
lynchburg,Lynchburg,Virginia, South, South Atlantic,http://lynchburg.backpage.com/
blacksburg,New River Valley,Virginia, South, South Atlantic,http://blacksburg.backpage.com/
newportnews,Newport News,Virginia, South, South Atlantic,http://newportnews.backpage.com/
norfolk,Norfolk,Virginia, South, South Atlantic,http://norfolk.backpage.com/
portsmouth,Portsmouth,Virginia, South, South Atlantic,http://portsmouth.backpage.com/
richmond,Richmond,Virginia, South, South Atlantic,http://richmond.backpage.com/
roanoke,Roanoke,Virginia, South, South Atlantic,http://roanoke.backpage.com/
swva,Southwest Virginia,Virginia, South, South Atlantic,http://swva.backpage.com/
suffolk,Suffolk,Virginia, South, South Atlantic,http://suffolk.backpage.com/
virginiabeach,Virginia Beach,Virginia, South, South Atlantic,http://virginiabeach.backpage.com/
virginia,,Virginia, South, South Atlantic,http://virginia.backpage.com/
bellingham,Bellingham,Washington, West, Pacific ,http://bellingham.backpage.com/
everett,Everett,Washington, West, Pacific ,http://everett.backpage.com/
moseslake,Moses Lake,Washington, West, Pacific ,http://moseslake.backpage.com/
mtvernon,Mt. Vernon,Washington, West, Pacific ,http://mtvernon.backpage.com/
olympia,Olympia,Washington, West, Pacific ,http://olympia.backpage.com/
pullman,Pullman,Washington, West, Pacific ,http://pullman.backpage.com/
seattle,Seattle,Washington, West, Pacific ,http://seattle.backpage.com/
spokane,Spokane / Coeur d'Alene,Washington, West, Pacific ,http://spokane.backpage.com/
tacoma,Tacoma,Washington, West, Pacific ,http://tacoma.backpage.com/
tricitieswa,Tri-Cities,Washington, West, Pacific ,http://tricitieswa.backpage.com/
wenatchee,Wenatchee,Washington, West, Pacific ,http://wenatchee.backpage.com/
yakima,Yakima,Washington, West, Pacific ,http://yakima.backpage.com/
washington,,Washington, West, Pacific ,http://washington.backpage.com/
charlestonwv,Charleston,West Virginia, South, South Atlantic,http://charlestonwv.backpage.com/
huntington,Huntington,West Virginia, South, South Atlantic,http://huntington.backpage.com/
martinsburg,Martinsburg,West Virginia, South, South Atlantic,http://martinsburg.backpage.com/
morgantown,Morgantown,West Virginia, South, South Atlantic,http://morgantown.backpage.com/
parkersburg,Parkersburg,West Virginia, South, South Atlantic,http://parkersburg.backpage.com/
southernwestvirginia,Southern West Virginia,West Virginia, South, South Atlantic,http://southernwestvirginia.backpage.com/
wheeling,Wheeling,West Virginia, South, South Atlantic,http://wheeling.backpage.com/
westvirginia,,West Virginia, South, South Atlantic,http://westvirginia.backpage.com/
appleton,Appleton,Wisconsin, Midwest , East North Central ,http://appleton.backpage.com/
eauclaire,Eau Claire,Wisconsin, Midwest , East North Central ,http://eauclaire.backpage.com/
greenbay,Green Bay,Wisconsin, Midwest , East North Central ,http://greenbay.backpage.com/
janesville,Janesville,Wisconsin, Midwest , East North Central ,http://janesville.backpage.com/
lacrosse,La Crosse,Wisconsin, Midwest , East North Central ,http://lacrosse.backpage.com/
madison,Madison,Wisconsin, Midwest , East North Central ,http://madison.backpage.com/
milwaukee,Milwaukee,Wisconsin, Midwest , East North Central ,http://milwaukee.backpage.com/
racine,Racine,Wisconsin, Midwest , East North Central ,http://racine.backpage.com/
sheboygan,Sheboygan,Wisconsin, Midwest , East North Central ,http://sheboygan.backpage.com/
wausau,Wausau,Wisconsin, Midwest , East North Central ,http://wausau.backpage.com/
wisconsin,,Wisconsin, Midwest , East North Central ,http://wisconsin.backpage.com/
wyoming,,Wyoming, West, Mountain ,http://wyoming.backpage.com/
